representative	product	locus_tag	seqCust	seqPfei
VNG0013C	IS1341-type transposase ISH37	VNG0013C	MAWGKCNAKSDVQPLAYDSVREETDLGSQHAILATHQAAQAITGCLERRSNGKKASKPTFTAPTVTYDTRTMTLFDDDTVSLSTTESRVRCPLALPDADDGYQRQYLDSEEWSVTESTLTARDGDYVLHIGFRRPKTDTERNTAEDGTVLGVDLGIENLAVTSTATFLSGRELTHDLREFEKVRAGLQQTGTRSAHRTLVQSSGRELRYVRDVLHRASNAIVAEALRYNCDVIAFEDLTHIRNRTRASWGHKWAFRTLYEQVAYKAEAIGVSVTQVGAAYTSKRCAECGFTADENRPTRNDFQCGKCGAEANADYNAAKNIGLRYVRRGQQSSRRTGDSQLALQSGTVTPSGGFTAYPDGFEAEFMDKPHPPRANPSG	MADDYVRRTAITRLEVTDEQRNLLEDTISEWKRGCQLATDMAWGKCNAKSDVQPLAYDSVREETDLGSQHAILATHQAAQAITGCLERRSNGKKASKPTFTAPTVTYDTRTMTLFDDDTVSLSTTESRVRCPLALPDADDGYQRQYLDSEEWSVTESTLTARDGDYVLHIGFRRPKTDTERNTAEDGTVLGVDLGIENLAVTSTATFLSGRELTHDLREFEKVRAGLQQTGTRSAHRTLVQSSGRELRYVRDVLHRASNAIVAEALRYNCDVIAFEDLTHIRNRTRASWGHKWAFRTLYEQVAYKAEAIGVSVTQVGAAYTSKRCAECGFTADENRPTRNDFQCGKCGAEANADYNAAKNIGLRYVRRGQQSSRRTGDSQLALQSGTVTPSGGFTAYPDGFEAEFMDKPHPPRANPSG
VNG0021H	ISH10-type transposase ISH10	"VNG0021H,VNG5087H,VNG5210H,VNG6084H,VNG6442H"	MEERIDELEEKLEQKDERIEELETRLRKYENPHTPPSKRRSGTDESPTSQDDEDDDVRTDGGTPGRKDGHDPEWRSTTDPDEEIEVTCDCCPECGDHFDESVGVSPRLVEEIPDPQPPEITRYNRHYYQCDSCGTETVAAHPDCPDEGQFGVNVIAQSALSRYDHRLPYRKIADRFEQLHELELSGASAWHATERAARAGRCEYEQIRREIQDADVVHIDETGIKRDGEQAWIWTFKTAQHTLYAVRESRGSDVPAEVLGEDFAGTVICDGWTAYPAFSSNLQRCWAHILREAEDAAEKQAEGEPIYHALRQVYVALQARLESDPSPRERADLQRVARRELESLIERSVPDGPVATLLGKIEGGLDHWLTFVGEPAVSPTNNAAENALREPVVLRKIIGTLRNDRGMFVHETVLSLLATWRQQGRNPYEELRRVVSSNEMLSRAHAVPAVETSG	MVIVDRDDLSKDELLSRFLQMEERIDELEEKLEQKDERIEELETRLRKYENPHTPPSKRRSGTDESPTSQDDEDDDVRTDGGTPGRKDGHDPEWRSTTDPDEEIEVTCDCCPECGDHFDESVGVSPRLVEEIPDPQPPEITRYNRHYYQCDSCGTETVAAHPDCPDEGQFGVNVIAQSALSRYDHRLPYRKIADRFEQLHELELSGASAWHATERAARAGRCEYEQIRREIQDADVVHIDETGIKRDGEQAWIWTFKTAQHTLYAVRESRGSDVPAEVLGEDFAGTVICDGWTAYPAFSSNLQRCWAHILREAEDAAEKQAEGEPIYHALRQVYVALQARLESDPSPRERADLQRVARRELESLIERSVPDGPVATLLGKIEGGLDHWLTFVGEPAVSPTNNAAENALREPVVLRKIIGTLRNDRGMFVHETVLSLLATWRQQGRNPYEELRRVVSSNEMLSRAHAVPAVETSG
VNG0026C	IS1341-type transposase ISH38	VNG0026C	MTLFDDDTVSLSTTESRVRCDLALPDADDSYQRQYLDSVEWSVTESTLTARDGEYFLHIGFRRSKTDTERNTAEDGTVLGVDLGIENLAVTSTAYFFSGRELAHDLREFEKVRAGLQQTGTRSAHRTLEQSSGRELRYVRDVLHQASNAIVDEALRYECDIIAFEDLTHIRERTGASWGHKWAFRTLYEQVAYKAEAEGISVKQVGSAYTSQRCAECGFTADENRPTRNDFQCGKCGAEANADYNAAKNIGLRYVRRGQQSSRRTGNSQLALQSGTVTPSDGFTAHPEGFEAEFMDKPHPPRARQRE	MADDYVRRTAITRLGVTDEQRDLLEETISEWKRGCQLATDLVWGKCNAKSDVQPLAYDDVREHTDLGSQHAILATHLAAQAITGCLERRSNGKTVSKPTFTAPTVKYDTRTMTLFDDDTVSLSTTESRVRCDLALPDADDSYQRQYLDSVEWSVTESTLTARDGEYFLHIGFRRSKTDTERNTAEDGTVLGVDLGIENLAVTSTAYFFSGRELAHDLREFEKVRAGLQQTGTRSAHRTLEQSSGRELRYVRDVLHQASNAIVDEALRYECDIIAFEDLTHIRERTGASWGHKWAFRTLYEQVAYKAEAEGISVKQVGSAYTSQRCAECGFTADENRPTRNDFQCGKCGAEANADYNAAKNIGLRYVRRGQQSSRRTGNSQLALQSGTVTPSDGFTAHPEGFEAEFMDKPHPPRARQRE
VNG0028C	homolog to ISH16-type transposase	VNG0028C	MGGSISVERRLSDAELDQLLKTADSGERARRLGFVKNLYLGDSISEAISREGRSESTGYRWVHRWNDGGLDALLPSYGGGRPAKLSESEVDVFLECIERRQPVSTATVESILQTEFGVEYAAEYLPRKLEEVGLVYRPAARETVDRQVVLEAVDWDEKTPVEHTRGLPYDGRASRATAGWIVQE	MGGSISVERRLSDAELDQLLKTADSGERARRLGFVKNLYLGDSISEAISREGRSESTGYRWVHRWNDGGLDALLPSYGGGRPAKLSESEVDVFLECIERRQPVSTATVESILQTEFGVEYAAEYLPRKLEEVGLVYRPAARETVDRQVVLEAVDWDEKTPVEHTRGLPYDGRASRATAGWIVQE
VNG0035H	ISH9-type transposase ISH1	VNG0035H	MASLRRLAWMCRNLAKQHVDDPDVPAAPSGAGGYAEWVQIALILYRVELEKSLRESEDYLNEMPGVLAVFGLDEAPHYSSFCRWENEYRMRELRRLLRASAEQAGWSGEAAIDASGFQRDQTSYHYRDRANYSFQSMKTTILIDVNSLAIKDVHYTTQKAWDGHIGMQVFRRNAEDLRVLSADANYSWSDLREECRSESTRPLIKHREQTPLQKAHHARMNEDYNQRWMSETGFSQLKEDDGEKLRSGAGRPVPELTRKCIIHNLTQAAS	MASLRRLAWMCRNLAKQHVDDPDVPAAPSGAGGYAEWVQIALILYRVELEKSLRESEDYLNEMPGVLAVFGLDEAPHYSSFCRWENEYRMRELRRLLRASAEQAGWSGEAAIDASGFQRDQTSYHYRDRANYSFQSMKTTILIDVNSLAIKDVHYTTQKAWDGHIGMQVFRRNAEDLRVLSADANYSWSDLREECRSESTRPLIKHREQTPLQKAHHARMNEDYNQRWMSETGFSQLKEDDGEKLRSGAGRPVPELTRKCIIHNLTQAAS
VNG0042G	IS1341-type transposase ISH39	VNG0042G	MAKQVVTRTYTASIRNQQQVSDDLDSLGFAASKLWNVGRWVCDRVWSEIGHIPSHTELTSYLKSHERYDDLHSQSSQRVLQELAEAFNGWYGKRRNGDTRANPPKYRKHGDDHPRSTVTFKQKGFKLDTQYNRVRLSKGSNLKEYWSDFVLCEYQIRPDVDLSTVENVQQVRSVWTGDEWELHFVCKVEVEVSESPGEKTVGVDLGINNFAALAYEDGHSELYPLNCLKQDDYYFSKRLAQCDDSDSEQATRLNEKKSARRTHYFHTLSKHIVQRCVDEGVGTIAVGDLSGVREDEENGESKNWGKHGNLDLHSWAFDRFTDLLEYKAEMEGISVEEVSERDTSKSCSCCGRTRDANRVERGLYVCDSCDTVANADVNGAENIRQNVSPSPVTDGGDRSNGWLAQPSTFLFDNETGAFAPQEQATS	MAKQVVTRTYTASIRNQQQVSDDLDSLGFAASKLWNVGRWVCDRVWSEIGHIPSHTELTSYLKSHERYDDLHSQSSQRVLQELAEAFNGWYGKRRNGDTRANPPKYRKHGDDHPRSTVTFKQKGFKLDTQYNRVRLSKGSNLKEYWSDFVLCEYQIRPDVDLSTVENVQQVRSVWTGDEWELHFVCKVEVEVSESPGEKTVGVDLGINNFAALAYEDGHSELYPLNCLKQDDYYFSKRLAQCDDSDSEQATRLNEKKSARRTHYFHTLSKHIVQRCVDEGVGTIAVGDLSGVREDEENGESKNWGKHGNLDLHSWAFDRFTDLLEYKAEMEGISVEEVSERDTSKSCSCCGRTRDANRVERGLYVCDSCDTVANADVNGAENIRQNVSPSPVTDGGDRSNGWLAQPSTFLFDNETGAFAPQEQATS
VNG0043H	IS200-type transposase ISH12	VNG0043H	MEYHLQTGSHTVYALQYHFVTVTKYRADILTYERLERVAEIAHDIADDFEADIKNVDGGTDHVHILFQTKPTTDLTKFINSLKGVTSRRIRSEFPEVTQTLEDAFWQPGYFLATTGQVSIDTLMDYVDDQ	MEYHLQTGSHTVYALQYHFVTVTKYRADILTYERLERVAEIAHDIADDFEADIKNVDGGTDHVHILFQTKPTTDLTKFINSLKGVTSRRIRSEFPEVTQTLEDAFWQPGYFLATTGQVSIDTLMDYVDDQ
VNG0044H	IS1341-type transposase ISH12	VNG0044H	MTATTTKTLEATLAPPTAHKERKLCDLLETYREGLHEAFDAGCDTMTATSDVVTPYDLPYQAKAALCNYVPQLHDTYNAQELDDDHPVRLTNQAAEFDHSAARDYEFTWWAPQPGRGTNFWIPLRINPEQDGLWHDLVHGEASAGQLRLQRHRTSWTLHVTVEFPVEQPDYEPTDEDVTPVGFDIGEAHLLAGCACKQGTPTDPLLINGGRARHLRKEMFTTLKRLQERDAAQWRIDERFDHYQNALTDIIEKASRQAIEYACRFEKPVVVLEDLSYIREDLDYGEWMNRRLHAWAFARLQERIEDKAREAGIPVEYIRPEYTSQTCHECGHIGYRDGDEFRCQNDECWVSEYHADINAAVNIADRHDPWGESLPLKPAGDDISRDGSACDSAATPTEQSQPRQMTLGEVGSEPTAGS	MTATTTKTLEATLAPPTAHKERKLCDLLETYREGLHEAFDAGCDTMTATSDVVTPYDLPYQAKAALCNYVPQLHDTYNAQELDDDHPVRLTNQAAEFDHSAARDYEFTWWAPQPGRGTNFWIPLRINPEQDGLWHDLVHGEASAGQLRLQRHRTSWTLHVTVEFPVEQPDYEPTDEDVTPVGFDIGEAHLLAGCACKQGTPTDPLLINGGRARHLRKEMFTTLKRLQERDAAQWRIDERFDHYQNALTDIIEKASRQAIEYACRFEKPVVVLEDLSYIREDLDYGEWMNRRLHAWAFARLQERIEDKAREAGIPVEYIRPEYTSQTCHECGHIGYRDGDEFRCQNDECWVSEYHADINAAVNIADRHDPWGESLPLKPAGDDISRDGSACDSAATPTEQSQPRQMTLGEVGSEPTAGS
VNG0052H	ISH8-type transposase ISH8	"VNG0052H,VNG5016H,VNG5040H,VNG6016H,VNG6038H,VNG6395H"	MRRLTTLFPSEFLEEHAEELGVVERDRKLQIPAFVWAFVFGFAAGESRTLAGFRRCYNSTADETISPGGFYQRLTPTLAEYLRDLVEHGLDEVAVPNAVDADIDRFRDVMIADGTVLRLHEFLSDQFEARHEEQAGAKLHLLHNATEQTIERLDTANEKTHDSTLFKTGPWLENRLVLFDLAYFKYRRFALIDENDGYFVSRLKQNANPLITRELREWRGRAIPLEGKQLRAVLDDLDRKYIDVEVEVEFKRGPYNGTRSLDTKRFRVVGVRDEDADDYHLYMTNLVRKEFFPADLAQIYRCRWEVELLFRELKTQYNLDEFNTSDEHVVKILLYAALLSLLVSRDLLDLVTEQADDELVFPTERWAATFRSHAQLFLHKLGEYLGYSPPPLLERLTEDAQKIHKQRPILQETLATATQPRCES	MRRLTTLFPSEFLEEHAEELGVVERDRKLQIPAFVWAFVFGFAAGESRTLAGFRRCYNSTADETISPGGFYQRLTPTLAEYLRDLVEHGLDEVAVPNAVDADIDRFRDVMIADGTVLRLHEFLSDQFEARHEEQAGAKLHLLHNATEQTIERLDTANEKTHDSTLFKTGPWLENRLVLFDLAYFKYRRFALIDENDGYFVSRLKQNANPLITRELREWRGRAIPLEGKQLRAVLDDLDRKYIDVEVEVEFKRGPYNGTRSLDTKRFRVVGVRDEDADDYHLYMTNLVRKEFFPADLAQIYRCRWEVELLFRELKTQYNLDEFNTSDEHVVKILLYAALLSLLVSRDLLDLVTEQADDELVFPTERWAATFRSHAQLFLHKLGEYLGYSPPPLLERLTEDAQKIHKQRPILQETLATATQPRCES
VNG0056H	ISH10-type transposase ISH10	VNG0056H	MEERIDELEEKIAQKDKRIEEQNERIEEQQERIEELETRLRKYENPHTPPSKRRSGTDESPTSQDDEDDDVRTDGGTPGRKDGHNPEWRSPPDPDEEIEVTSDCCPECGDHFDESVGVSPRLVEEVPDPQPPEVTQYNRHRYQCDSCGTETVATHPDCPDEGQFGVNVIAQSALSRYDHRLPYRKITDRFEQLHGLELSGASAWHATERAARAGRCEYEQIRREIQEAEIVHVDETGIKRDGDQAWIWTFRTDEHTLYAVRESRGSDVPAEVLGEDFAGTVICDGWTAYPAFSSTLQRCWAHLLREAEDVASDHEEAEPVYRYLKQMFVGLQSWLETDPDPRARAQMHRACQDGLRSLVERSVTDEPVATLLGKIEGGLDHWLTFVGEPAVSPTNNAAENALREPVVLRKIIGTLRNDRGMFVHETILSLLATWRQQGRNPYEELTRVVHDNEMISREQTVPVVETSG	MSWDDLSKDELLSRFLQMEERIDELEEKIAQKDKRIEEQNERIEEQQERIEELETRLRKYENPHTPPSKRRSGTDESPTSQDDEDDDVRTDGGTPGRKDGHNPEWRSPPDPDEEIEVTSDCCPECGDHFDESVGVSPRLVEEVPDPQPPEVTQYNRHRYQCDSCGTETVATHPDCPDEGQFGVNVIAQSALSRYDHRLPYRKITDRFEQLHGLELSGASAWHATERAARAGRCEYEQIRREIQEAEIVHVDETGIKRDGDQAWIWTFRTDEHTLYAVRESRGSDVPAEVLGEDFAGTVICDGWTAYPAFSSTLQRCWAHLLREAEDVASDHEEAEPVYRYLKQMFVGLQSWLETDPDPRARAQMHRACQDGLRSLVERSVTDEPVATLLGKIEGGLDHWLTFVGEPAVSPTNNAAENALREPVVLRKIIGTLRNDRGMFVHETILSLLATWRQQGRNPYEELTRVVHDNEMISREQTVPVVETSG
VNG0059H	ISH8-type transposase ISH8	"VNG0059H,VNG0337H,VNG2175H,VNG5082H,VNG5215H,VNG6079H,VNG6147H,VNG6447H"	MRRLTTLFPSEFLEEHAEELGVVERDRKLQIPVFVWAFVFGFAAGERRTLAGFRRSYNSTADEPISPGGFYQRLTPTLAEYFRDLVEHGLDEVAVPDTVDVDIDRFSDVMIADGTVLRLHEFLADQFEARHEEQAGAKLHLLHNATEQTIERIDVTDEKAHDSTLFKTGSWLENRLVLFDLAYFKYRRFARIDENGGSFVSRLKQNANPVITDELREWRGRAIPLEGKQLRDVLDDLDRTYIDVEVEVEFKRGPYNGTRSLDTKRFRVVGVRDEDADDYHLYVTNLSREEFFPADLAQIYRCRWEVELLFRELKTQYDLDEFDTSNEHVVKILLYAALLSLLVSRDLLDLVTEQADDELVFPPERWAATFRSHAQLILHELGEHLGYSPPPLLERLIEDAQKIHKQRPILQETLATATQPRCES	MRRLTTLFPSEFLEEHAEELGVVERDRKLQIPVFVWAFVFGFAAGERRTLAGFRRSYNSTADEPISPGGFYQRLTPTLAEYFRDLVEHGLDEVAVPDTVDVDIDRFSDVMIADGTVLRLHEFLADQFEARHEEQAGAKLHLLHNATEQTIERIDVTDEKAHDSTLFKTGSWLENRLVLFDLAYFKYRRFARIDENGGSFVSRLKQNANPVITDELREWRGRAIPLEGKQLRDVLDDLDRTYIDVEVEVEFKRGPYNGTRSLDTKRFRVVGVRDEDADDYHLYVTNLSREEFFPADLAQIYRCRWEVELLFRELKTQYDLDEFDTSNEHVVKILLYAALLSLLVSRDLLDLVTEQADDELVFPPERWAATFRSHAQLILHELGEHLGYSPPPLLERLIEDAQKIHKQRPILQETLATATQPRCES
VNG0112H	ISH3-type transposase ISH3	"VNG0112H,VNG5015H,VNG5114H,VNG6015H,VNG6111H"	MPIVRWGQTIKQELSEGWSRVIQHDMTAKLDGHSWTVEFLVYIDCTYQNGRCDEHGVARHGYAADAPFIESPRDARYHYAKRFGIEASYRLSEQSIATTSTQNPVVRLLYVVVSLLLQNVWRYLHWEYVATPRRGGRRLWKWSFKEFINMIQRAAWTALATRRAVPANRPPDDRFTR	MSTTQQADGEIHEDQLLNFLVNALDEEVALTLAENAEIDAEDIYEVLVGACADGTSVSTLCEKSEDAPHENSVLYHLRTKFDLETLEQVGNALLQKDVLDVLPQQVEVVSDLHLRPYYGDEDGTDGLYHSQAKRGTTAFHAYATLYARVKNKRYTLAVRRLEDGDTASSVLAEFLGILDGLDLDVKAVFLDREFYDSKCLTLLQAHNHAYVMPIVRWGQTIKQELSEGWSRVIQHDMTAKLDGHSWTVEFLVYIDCTYQNGRCDEHGVARHGYAADAPFIESPRDARYHYAKRFGIEASYRLSEQSIATTSTQNPVVRLLYVVVSLLLQNVWRYLHWEYVATPRRGGRRLWKWSFKEFINMIQRAAWTALATRRAVPANRPPDDRFTR
VNG0210H	insertion element protein (ISH2)	"VNG0210H,VNG0994H,VNG1007H,VNG1651H,VNG5096H,VNG5101H,VNG5198H,VNG5201H,VNG6093H,VNG6098H,VNG6141H,VNG6146H,VNG6391H"	MARTKMGVSIRTELVDELDSLVDECSDLGASRSEIVEAILTAYFQNDEDQIKQTRELIIRNRKRSNS	MARTKMGVSIRTELVDELDSLVDECSDLGASRSEIVEAILTAYFQNDEDQIKQTRELIIRNRKRSNS
VNG0213H	ISH11-type transposase	"VNG0213H,VNG1587H,VNG5045H,VNG5252H,VNG6043H,VNG6421H,VNG6483H"	MLRWMSPATLQDDPSVDSFFNVVETETLALFEHLSFEFLEEFDVFAPAETGRTRDHEPPELMRGFLHCYYKDIYGIRPVERELRNTVVWLSCGFDRPPSRDAVDRFLTDLEHVVNKVFDHLVEQAALRGLLDLTYCIDSTDVRAMPADQDASKCYDPTDDEYYHGYGCTIVSTGQKIPIAAEFTESKQAPEETAMRVTRDALAVAKPIWMVGDSAYDTLDWHDHLLAAGVVPVAPYNARNTDDPKDIEYRVEDRIEQHSEDVQLKQSTLDETYNRRTGVERTNESVKDCGLGRTHARGRVHARAQVFLALCLRLVVAITNYERGDNPGSPIITV	MSPATLQDDPSVDSFFNVVETETLALFEHLSFEFLEEFDVFAPAETGRTRDHEPPELMRGFLHCYYKDIYGIRPVERELRNTVVWLSCGFDRPPSRDAVDRFLTDLEHVVNKVFDHLVEQAALRGLLDLTYCIDSTDVRAMPADQDASKCYDPTDDEYYHGYGCTIVSTGQKIPIAAEFTESKQAPEETAMRVTRDALAVAKPIWMVGDSAYDTLDWHDHLLAAGVVPVAPYNARNTDDPKDIEYRVEDRIEQHSEDVQLKQSTLDETYNRRTGVERTNESVKDCGLGRTHARGRVHARAQVFLALCLRLVVAITNYERGDNPGSPIITV
VNG0285C	IS200-type transposase ISH22	VNG0285C	MPRGFDRERTNVHKLQYHFIWCPKYRKSVLTGEVRDRLEELIKEKADELGVEILELAIRPDHVHLFITGDPTLAPNKIMQQIKGYSSRHLRDEFDFGLPSLWTRSYFVSSAGDVSSEVIEEYIDAQAGE	MPRGFDRERTNVHKLQYHFIWCPKYRKSVLTGEVRDRLEELIKEKADELGVEILELAIRPDHVHLFITGDPTLAPNKIMQQIKGYSSRHLRDEFDFGLPSLWTRSYFVSSAGDVSSEVIEEYIDAQAGE
VNG0286C	IS1341-type transposase ISH22	VNG0286C	MQRNVSTTVRVKLHSLTNRKADLLAREYEAFQTEVHDGDADLYSATDQQASKVQRQKDPNPGTEQPVVLRNDVFDVSHDEDTVLSSWWVNVPVYDPERGRGNSIWCPAHIPRKDEQLVREGDVRDSELVRRDGDWYVHLVVKRSVTVADEYDDVLAIDMGARWVATCAFLSDRTTTFYGEEVRRIREHYKQLRKSIGKAKPRQGQQVVERIGDAEARKVDDRLHKIARQIVEDAEERNAVIVVGDLGGIRKDNDKGRYVNDKTHKMPFARLLNCIEYKAHDAGIDVQLVNEYDTSKTCNRCACEGVRATQGRFECPECGLDDNADKNGALNIGKRALGKFSKPLSEAGAVLAQPETQVIVHRDDEPANLSVSVDSTPSGGTPRL	MQRNVSTTVRVKLHSLTNRKADLLAREYEAFQTEVHDGDADLYSATDQQASKVQRQKDPNPGTEQPVVLRNDVFDVSHDEDTVLSSWWVNVPVYDPERGRGNSIWCPAHIPRKDEQLVREGDVRDSELVRRDGDWYVHLVVKRSVTVADEYDDVLAIDMGARWVATCAFLSDRTTTFYGEEVRRIREHYKQLRKSIGKAKPRQGQQVVERIGDAEARKVDDRLHKIARQIVEDAEERNAVIVVGDLGGIRKDNDKGRYVNDKTHKMPFARLLNCIEYKAHDAGIDVQLVNEYDTSKTCNRCACEGVRATQGRFECPECGLDDNADKNGALNIGKRALGKFSKPLSEAGAVLAQPETQVIVHRDDEPANLSVSVDSTPSGGTPRL
VNG0918H	ISH4-type transposase ISH4	"VNG0918H,VNG5149H"	MMPIKTFVSERRAANLLAQIRWRNGVYCPSCRAESVIRYGSYRVFQRYLCKDCDRTFNDQTGTVFEHSAVALRKWFLAVYTYIRLNTSIRQLDAEIDVSYKTVYRRVQRFLRALDAPRPHLEGPVEIDEFYVKAGLKGRERDQPSRSRGLSTRGRGTYAEDKLPVFVLADRGTGERHVIPAKAATESRIRLLLADRQQESLTVYTDGFRAYDPLDEDDAFTREYVVHGDGEYVNGDVHVNTCESHASLARRWLSPHRGVSKDRLTPYLRAFQLRREVFRKPGKEALKTILETAL	MMPIKTFVSERRAANLLAQIRWRNGVYCPSCRAESVIRYGSYRVFQRYLCKDCDRTFNDQTGTVFEHSAVALRKWFLAVYTYIRLNTSIRQLDAEIDVSYKTVYRRVQRFLRALDAPRPHLEGPVEIDEFYVKAGLKGRERDQPSRSRGLSTRGRGTYAEDKLPVFVLADRGTGERHVIPAKAATESRIRLLLADRQQESLTVYTDGFRAYDPLDEDDAFTREYVVHGDGEYVNGDVHVNTCESHASLARRWLSPHRGVSKDRLTPYLRAFQLRREVFRKPGKEALKTILETAL
VNG1653H	ISH8-type transposase ISH8	"VNG1653H,VNG5109H,VNG6106H,VNG6161H,VNG6345H"	MRRLTTLFPSEFLEEHAEELGVVERNRTLQIPVLVWALVFGFAAGESRTLAGFRRSYNATADEPISPGGFYQRLTPSLATYLRDLVERGLDEVAVPNAVDADIDRFRDVMIADGTVLRLHEFLSEVYEGRHEEQAGARLHLLHNATEQMIERIDVTDETAHDSTLFKTGSWLHGRLILLDLAYFKYRRFALIDENDGFFVSRLKQNANPVITAELREWRGRAIPLEGKQIQDVVDDLSRQYIDVEVEAEFKRGQYEGTRSLDTKRFRVVGVRNEDADDYHLYITNLPRDEFLPSDLATLYRCRWEVETLFRELKTQYELDEFDTRNPAVVEILLYAALLSLLVSRELLDLVTEQADDEIVFPPERWAATFRSHAQLILHELGEYLGYSPPPLLERLIDDAQKIHQQRPILQETLATATQPRCEG	MRRLTTLFPSEFLEEHAEELGVVERNRTLQIPVLVWALVFGFAAGESRTLAGFRRSYNATADEPISPGGFYQRLTPSLATYLRDLVERGLDEVAVPNAVDADIDRFRDVMIADGTVLRLHEFLSEVYEGRHEEQAGARLHLLHNATEQMIERIDVTDETAHDSTLFKTGSWLHGRLILLDLAYFKYRRFALIDENDGFFVSRLKQNANPVITAELREWRGRAIPLEGKQIQDVVDDLSRQYIDVEVEAEFKRGQYEGTRSLDTKRFRVVGVRNEDADDYHLYITNLPRDEFLPSDLATLYRCRWEVETLFRELKTQYELDEFDTRNPAVVEILLYAALLSLLVSRELLDLVTEQADDEIVFPPERWAATFRSHAQLILHELGEYLGYSPPPLLERLIDDAQKIHQQRPILQETLATATQPRCEG
VNG2652H	IS1341-type transposase ISH34	VNG2652H	MTVWNDYQGMGEEATKTIQTRLQIASGERSWLHDARLASREIFNQTIRLKQQGYNRTEIQREVDRDDFLRNNKCAVVGKALQTWNSYQSLKDWWENQDDPDGGKPTPPSTDKSGVYPLVMAHAEGYRLTVDDDTNRVRFRISPKPYKKVKGHLRGEPDAMDELRDAITSDKIDVGQAELLYRDGVYYLHVTVTREFDVPEPDTSDTLVGVDINERNVALTALDRETMRTKGTLVLDYGRVKEERQRYHTITTRCQEHGKTSIHRKLGDDEERFTEWVLHRLSRAVVEFSEQFSNPVIVFEDMTGIRDEIKYGTYMNRRLHKLPFHKFETFVSYKATWREIPMDTVDAYYNSKTCSCCGERGSRQGRRFRCTNDECVVVQDHADRNASVNIAWRETLKLDGNESNYRTHKTQPQVRLVRLSGSGRVSRPTSSRSLAEQGVLAHG	MGEEATKTIQTRLQIASGERSWLHDARLASREIFNQTIRLKQQGYNRTEIQREVDRDDFLRNNKCAVVGKALQTWNSYQSLKDWWENQDDPDGGKPTPPSTDKSGVYPLVMAHAEGYRLTVDDDTNRVRFRISPKPYKKVKGHLRGEPDAMDELRDAITSDKIDVGQAELLYRDGVYYLHVTVTREFDVPEPDTSDTLVGVDINERNVALTALDRETMRTKGTLVLDYGRVKEERQRYHTITTRCQEHGKTSIHRKLGDDEERFTEWVLHRLSRAVVEFSEQFSNPVIVFEDMTGIRDEIKYGTYMNRRLHKLPFHKFETFVSYKATWREIPMDTVDAYYNSKTCSCCGERGSRQGRRFRCTNDECVVVQDHADRNASVNIAWRETLKLDGNESNYRTHKTQPQVRLVRLSGSGRVSRPTSSRSLAEQGVLAHG
VNG2653C	IS200-type transposase ISH34	VNG2653C	MEEYRSHAHSVSSCKYHFVWCPKYRHPVLNVVEDDVRELFSETADHFGHEILALEIADDHVHLFVQCDPKHSPADIARQFKSYSGKHLLERYPEIRESYFWGGGFWKVGYYVGTTGEVSEEVVERYIEQTEH	MEEYRSHAHSVSSCKYHFVWCPKYRHPVLNVVEDDVRELFSETADHFGHEILALEIADDHVHLFVQCDPKHSPADIARQFKSYSGKHLLERYPEIRESYFWGGGFWKVGYYVGTTGEVSEEVVERYIEQTEH
VNG6148H	ISH8-type transposase ISH32	VNG6148H	MSDCDELSYATFHGWFSPPFVALLREILDDAIENLDTRNADLSGRLERFRDVLIADGSIVSLYQDAADVYAATGDDQAGLKLHLTESLSTGLPTRYRTTDAKTQERSQLPTGEWVAGALVLLDLGFYDFWLFDRIDQNNGWFVSRVKDDANFEIVEELRTWRGNSIPLEGESLQDVLDDLQRQEIDVRITLSFERKRGSCTSTTRTFRLVGVWNEDTEEYHLYLTNLSKDDYSAPDIAQLYRARWEIELLFKELKSRFGLDEINTTDPYIIEALVIMAAISLLMSRVIVDELRKLDVKQRESADDATASSPQLPRRRCSHAVERHSHLIQLYVMLDLGYELPDLDELLLWASRDPNPHRPRLREQVESGEFW	MDSVTYSPPDSVIVDRIQRAFPSDELRERARATNLVERERKFDAVALFYTLSLGFAAGSDRSVQAFLERFVEMSDCDELSYATFHGWFSPPFVALLREILDDAIENLDTRNADLSGRLERFRDVLIADGSIVSLYQDAADVYAATGDDQAGLKLHLTESLSTGLPTRYRTTDAKTQERSQLPTGEWVAGALVLLDLGFYDFWLFDRIDQNNGWFVSRVKDDANFEIVEELRTWRGNSIPLEGESLQDVLDDLQRQEIDVRITLSFERKRGSCTSTTRTFRLVGVWNEDTEEYHLYLTNLSKDDYSAPDIAQLYRARWEIELLFKELKSRFGLDEINTTDPYIIEALVIMAAISLLMSRVIVDELRKLDVKQRESADDATASSPQLPRRRCSHAVERHSHLIQLYVMLDLGYELPDLDELLLWASRDPNPHRPRLREQVESGEFW
VNG6181H	IS1341-type transposase ISH35	VNG6181H	MPAQPNPEQRDWLEALNAGDATMGESRLFERDGTWYLHVTATRDVEERSDVSAEERTPIGVDIGEASLATVCHRDGHGSPTAPELWADEGKTVRRLRKTYFTATRRLQTRGSERIVESFGDDIWDQIDDVFHRVTREVVEYAESVENPVLVLEDLTYIRESMDYGEYMNRRLHGWGFAKLHAQIRYKAVEKGIPVETVNPCNTSKECHACGEVGYRPRQATFKCTNDACWMGESQADVNGAINIADRYLSGESHSREHTDGDDSAGDGGRLTAPQDTLADATTQETLGTYAS	MTELTKTLELKLVEPNAHKRRKLRETREAYQQALQDAFDAGCTTQTEANDVVVNYDLSGYAKNALKKYVPQLTTTYNAGELHDDHPVRFTNGGLRLDHKPENAIEWYVKIPHHEDYHLWMPAQPNPEQRDWLEALNAGDATMGESRLFERDGTWYLHVTATRDVEERSDVSAEERTPIGVDIGEASLATVCHRDGHGSPTAPELWADEGKTVRRLRKTYFTATRRLQTRGSERIVESFGDDIWDQIDDVFHRVTREVVEYAESVENPVLVLEDLTYIRESMDYGEYMNRRLHGWGFAKLHAQIRYKAVEKGIPVETVNPCNTSKECHACGEVGYRPRQATFKCTNDACWMGESQADVNGAINIADRYLSGESHSREHTDGDDSAGDGGRLTAPQDTLADATTQETLGTYAS
VNG6182H	IS200-type transposase ISH35	VNG6182H	MKTTRHATYNLNYHIVWLPKYRQSVLVNEVASRVRSILHEIAADKGVEILDLTVQHDHVHLFVSSPPKNEPALLANWFKGISSRKYNHRYADHDGEKIGWARGYYAGTAGHVSSETVENYIQQHKEGDS	MKTTRHATYNLNYHIVWLPKYRQSVLVNEVASRVRSILHEIAADKGVEILDLTVQHDHVHLFVSSPPKNEPALLANWFKGISSRKYNHRYADHDGEKIGWARGYYAGTAGHVSSETVENYIQQHKEGDS
VNG6221H	IS1341-type transposase HsIRS6	VNG6221H	MTATSDVVTPYDLPYQAKAALCNYVPQLHGTYDAQELDDDHPVRLTNQAAEFDHSPERDYEFTWWVPQPGRGTNFWIPLRINPAQEGLWHDLGDGEASAGQLRLQRHRTSWTLHVTVEYPVEEPDYDATDDDDVTPVGFDIGEAHLLAGCAYEQGTPTDPLLINRGRARHLRKAMFTMLCRLQERDAAQWRIDERFDHSQNALTDIIEKASREAVEYAQQFEKPLIVLEDLAHIRESLDYGEWMNRRLHAWAFARVQQRIRDKAREAGIPVRYVRPDYTSQTCHECGHIGYRNGDEFRCQNEECWVSEYHADINAAVNIADRHDPWGESLPLKPAGDDISRDGSACDSAATPTEQSQPRQMTLGEVGSEPPAGS	MTTTTTKTLEATLAPPTTHKKRKLCDLLDTYRAGLHEAFDAGCETMTATSDVVTPYDLPYQAKAALCNYVPQLHGTYDAQELDDDHPVRLTNQAAEFDHSPERDYEFTWWVPQPGRGTNFWIPLRINPAQEGLWHDLGDGEASAGQLRLQRHRTSWTLHVTVEYPVEEPDYDATDDDDVTPVGFDIGEAHLLAGCAYEQGTPTDPLLINRGRARHLRKAMFTMLCRLQERDAAQWRIDERFDHSQNALTDIIEKASREAVEYAQQFEKPLIVLEDLAHIRESLDYGEWMNRRLHAWAFARVQQRIRDKAREAGIPVRYVRPDYTSQTCHECGHIGYRNGDEFRCQNEECWVSEYHADINAAVNIADRHDPWGESLPLKPAGDDISRDGSACDSAATPTEQSQPRQMTLGEVGSEPPAGS
VNG6292C	ISH14-type transposase HsIRS44	VNG6292C	MRNQELLTETLNTANLECWERERTAKPSRVAVDETAIKINGEWSWLYAAIDLDTKLILDVELFGRHGTDPAAAFLHGLREKHDLSDAVFLVDQFGYRTALSRLGLNGRVDYIDRNLIEKWFHTFKMRIARFHNSWVGSRASAREWIEQFVHYYNRQRPHQPLDERTPAEAVLN	MRNQELLTETLNTANLECWERERTAKPSRVAVDETAIKINGEWSWLYAAIDLDTKLILDVELFGRHGTDPAAAFLHGLREKHDLSDAVFLVDQFGYRTALSRLGLNGRVDYIDRNLIEKWFHTFKMRIARFHNSWVGSRASAREWIEQFVHYYNRQRPHQPLDERTPAEAVLN
VNG6361G	IS1341-type transposase ISH40	VNG6361G	MKRTNTFAVRPLSETGEQLLRDLLDASAALWNEVNYQRLMRYNDEDGFEGGIWDADTGRLEGRYKGVLGASTAQQVIRKNSEAWRSFSHLKDQYHDESNTSVTEHPNPPGFRGNEDDGRQLRTVIRNDAYTTEWGDRSRLEILVGSELKDRYDHTGRLRLEIAGNPNWPDYEKQGRLELWYDETESTFRASQPVTVPDSARATPLADETAALDIGANNLVACTTTTGEQYLYEGRELFQRFRETTREIARLQSKLPEGRYSSERIRRLYRKRTRRRDHAQEALCRDLLDRLYAEGVDTVYIGGLTDVLDTHWSVKTNAKTHNFWAFKKFTERLACTAEEYGISVEVRSEAWTSQECPRCGSTDRTTRHQDTLTCPCGFQGHADLTASETFLERHTKQAVRPMARPVRFQWDDHTWSESPRSQESPKEQRTDPSTVHHGNVALRESA	MKRTNTFAVRPLSETGEQLLRDLLDASAALWNEVNYQRLMRYNDEDGFEGGIWDADTGRLEGRYKGVLGASTAQQVIRKNSEAWRSFSHLKDQYHDESNTSVTEHPNPPGFRGNEDDGRQLRTVIRNDAYTTEWGDRSRLEILVGSELKDRYDHTGRLRLEIAGNPNWPDYEKQGRLELWYDETESTFRASQPVTVPDSARATPLADETAALDIGANNLVACTTTTGEQYLYEGRELFQRFRETTREIARLQSKLPEGRYSSERIRRLYRKRTRRRDHAQEALCRDLLDRLYAEGVDTVYIGGLTDVLDTHWSVKTNAKTHNFWAFKKFTERLACTAEEYGISVEVRSEAWTSQECPRCGSTDRTTRHQDTLTCPCGFQGHADLTASETFLERHTKQAVRPMARPVRFQWDDHTWSESPRSQESPKEQRTDPSTVHHGNVALRESA
VNG6430C	ISH14-type transposase ISH29	VNG6430C	MKLSIQLHLAGLSLSNTVSILEIFGVERARSTVHNWVHKADLQPESGRSPDHVAVDETVIRLNNEQYWLYAAVNPETNELLHTKLEPTRTNVIARSFFAKLREKHDVDTAVFLVDGAPTLKDACQRHGLRFQYEKHGNRNTVERVFREIKRRTSSFSNCFSNAAADTADDWLRSFSFAWNQLI	MPENDRLSGCLDQIDLEFVEREATPQLLMKLSIQLHLAGLSLSNTVSILEIFGVERARSTVHNWVHKADLQPESGRSPDHVAVDETVIRLNNEQYWLYAAVNPETNELLHTKLEPTRTNVIARSFFAKLREKHDVDTAVFLVDGAPTLKDACQRHGLRFQYEKHGNRNTVERVFREIKRRTSSFSNCFSNAAADTADDWLRSFSFAWNQLI
VNG5007H	ISH7-type transposase ISH7	"VNG5007H,VNG5122H,VNG6007H,VNG6119H"	MTFREMVDGALKTYPREQQVRHNRSVTLEDLVTEVPVTYLRFYDEYDHDQGHPKPWGAVFRAHVLRCVKGWKNATALHRYLKQQPFLCTQLGFKDIPDQSTLYRAWDDRLEDVHDAVRDAAEVVVDIARYHDIPAPEPEFLPDQPTDTVTNSKSKDTLAREKAREVWKGAKPIVEDAFHLDRSDNASIPEGAFWEQQSYLGMRTDMHPNDGAQSFAADSTRRKTPSGDSHRLQTKTLGVERIRTMLRETGRTLVARAKSKDKMGRKQMTAIDFTKGNPWSGHVERDSSGQNQEPWILGYKGDDGPFFQWAVIKLVGHDVPLILDAVPVVRGRKRADIVDDLLEGATDIVPGLDLVMMDREFAPDGVKDVCETHDVHYLNPGVVRSSSDHEHQIAKLASEDKDFDVIKQERLDDGPTRKAVYLPKREWEREDEDNDGTDVTIRQELIEDFKDVGNTTPLSEDRDGDSPLSNLLNEVAEEEEIDEPARVEAPTLPFETNLPWVDVDPADQQEMKHQIGRLMARYKRRWGIENGFKKLKTFLAETQSPDHRFRYFNFAFACVLYNCWRLVDILVQLELYGEIGDQPAVSSNSFLTFAKKSYGLDPPD	MTFREMVDGALKTYPREQQVRHNRSVTLEDLVTEVPVTYLRFYDEYDHDQGHPKPWGAVFRAHVLRCVKGWKNATALHRYLKQQPFLCTQLGFKDIPDQSTLYRAWDDRLEDVHDAVRDAAEVVVDIARYHDIPAPEPEFLPDQPTDTVTNSKSKDTLAREKAREVWKGAKPIVEDAFHLDRSDNASIPEGAFWEQQSYLGMRTDMHPNDGAQSFAADSTRRKTPSGDSHRLQTKTLGVERIRTMLRETGRTLVARAKSKDKMGRKQMTAIDFTKGNPWSGHVERDSSGQNQEPWILGYKGDDGPFFQWAVIKLVGHDVPLILDAVPVVRGRKRADIVDDLLEGATDIVPGLDLVMMDREFAPDGVKDVCETHDVHYLNPGVVRSSSDHEHQIAKLASEDKDFDVIKQERLDDGPTRKAVYLPKREWEREDEDNDGTDVTIRQELIEDFKDVGNTTPLSEDRDGDSPLSNLLNEVAEEEEIDEPARVEAPTLPFETNLPWVDVDPADQQEMKHQIGRLMARYKRRWGIENGFKKLKTFLAETQSPDHRFRYFNFAFACVLYNCWRLVDILVQLELYGEIGDQPAVSSNSFLTFAKKSYGLDPPD
VNG5042H	ISH9-type transposase ISH9	"VNG5042H,VNG5255H,VNG6040H,VNG6486H"	MSKISRFTKKAVQLAKNAVGGRGEVAAPEGGGGFADYAIVSLHCLRVYLEKSYRETLDLLSEMPHILAEIGLNEADLPDHSTLVKAFDRLKTALWRVLLRLSAQLHDPSGHAAIDATFFDRETASKHYCRRTNYRVQTLKTTALVDTETQAILDVHCSTGKPHDTQLGWQVARRNAGDLASLAADKGYDWMELRKKLREDGVRPLIKHRIFRPIDHAHNARVDGPRYRQRAMCETVFSTIKRTLGDAVRARAWFREFREIVLKCVVHNIKRAVTP	MSKISRFTKKAVQLAKNAVGGRGEVAAPEGGGGFADYAIVSLHCLRVYLEKSYRETLDLLSEMPHILAEIGLNEADLPDHSTLVKAFDRLKTALWRVLLRLSAQLHDPSGHAAIDATFFDRETASKHYCRRTNYRVQTLKTTALVDTETQAILDVHCSTGKPHDTQLGWQVARRNAGDLASLAADKGYDWMELRKKLREDGVRPLIKHRIFRPIDHAHNARVDGPRYRQRAMCETVFSTIKRTLGDAVRARAWFREFREIVLKCVVHNIKRAVTP
VNG5170H	ISH8-type transposase ISH8	"VNG5170H,VNG6331H"	MRRLTTLFPSKFLEEHAEELGVVEREGKLQIPVLVWALVFGFAAGESRTLAGFRRCYNSTADETISPGGFYHRLTPTLAEYLRDLVEHGLDEVAVPDTVDADIDRFRDVMIADGTVLRLHEFLSDEFQARHEEQAGAKLHLLHNATDETIERIDVTDEKTHDSTLFKTGSWLQERLVLFDRAYFKYRRFALIDENDGYFVSRLKENANPLITEELREWRGRAIPLEGKQIHDVVDDISRKYIDVEVEAEFKRGQYEGTRSLDTKRFRVVGVRDSDADDYHLYITNLPRDEFFPEDLATLYRCRWEVETLFRELKTQYELDEFNTSDPDVVKILLYAALLSLLVSRELLDLVTEQADDEIVFPPERWAATFRSHAQLILQELGEYLGYSPPPLLERLIEDAQKIHQQRPILQETLATATQPRCES	MRRLTTLFPSKFLEEHAEELGVVEREGKLQIPVLVWALVFGFAAGESRTLAGFRRCYNSTADETISPGGFYHRLTPTLAEYLRDLVEHGLDEVAVPDTVDADIDRFRDVMIADGTVLRLHEFLSDEFQARHEEQAGAKLHLLHNATDETIERIDVTDEKTHDSTLFKTGSWLQERLVLFDRAYFKYRRFALIDENDGYFVSRLKENANPLITEELREWRGRAIPLEGKQIHDVVDDISRKYIDVEVEAEFKRGQYEGTRSLDTKRFRVVGVRDSDADDYHLYITNLPRDEFFPEDLATLYRCRWEVETLFRELKTQYELDEFNTSDPDVVKILLYAALLSLLVSRELLDLVTEQADDEIVFPPERWAATFRSHAQLILQELGEYLGYSPPPLLERLIEDAQKIHQQRPILQETLATATQPRCES